{"dyed-lifted-polyps": 0.9991083741188049, "dyed-resection-margins": 0.0008656788268126547, "esophagitis": 6.2983131101645995e-06, "normal-cecum": 5.409654022514587e-06, "normal-pylorus": 7.207502221717732e-07, "normal-z-line": 1.1577490965919424e-07, "polyps": 5.178747869649669e-06, "ulcerative-colitis": 8.194808287953492e-06}